{
	"$schema": "https://schemas.wp.org/wp/6.2/theme.json",
	"customTemplates": [
		{
			"name": "blank",
			"postTypes": [
				"page",
				"post"
			],
			"title": "Blank"
		},
		{
			"name": "page-large-header",
			"postTypes": [
				"page"
			],
			"title": "Page (Large Header)"
		},
		{
			"name": "single-no-separators",
			"postTypes": [
				"post"
			],
			"title": "Single Post (No Separators)"
		},
		{
			"name": "page-no-separators",
			"postTypes": [
				"page"
			],
			"title": "Page (No Separators)"
		}
	],
	"settings": {
		"appearanceTools": true,
		"color": {
			"duotone": [
				{
					"colors": [
						"#000000",
						"#ffffff"
					],
					"name": "Foreground and background",
					"slug": "foreground-and-background"
				},
				{
					"colors": [
						"#000000",
						"#ffe2c7"
					],
					"name": "Foreground and secondary",
					"slug": "foreground-and-secondary"
				},
				{
					"colors": [
						"#000000",
						"#f6f6f6"
					],
					"name": "Foreground and tertiary",
					"slug": "foreground-and-tertiary"
				},
				{
					"colors": [
						"#1a4548",
						"#ffffff"
					],
					"name": "Primary and background",
					"slug": "primary-and-background"
				},
				{
					"colors": [
						"#1a4548",
						"#ffe2c7"
					],
					"name": "Primary and secondary",
					"slug": "primary-and-secondary"
				},
				{
					"colors": [
						"#1a4548",
						"#f6f6f6"
					],
					"name": "Primary and tertiary",
					"slug": "primary-and-tertiary"
				}
			],
			"gradients": [
				{
					"gradient": "linear-gradient(to bottom,var(--wp--preset--color--secondary) 0%,var(--wp--preset--color--tertiary) 100%)",
					"name": "Vertical secondary to tertiary",
					"slug": "vertical-secondary-to-tertiary"
				},
				{
					"gradient": "linear-gradient(to bottom,var(--wp--preset--color--secondary) 0%,var(--wp--preset--color--background) 100%)",
					"name": "Vertical secondary to background",
					"slug": "vertical-secondary-to-background"
				},
				{
					"gradient": "linear-gradient(to bottom,var(--wp--preset--color--tertiary) 0%,var(--wp--preset--color--background) 100%)",
					"name": "Vertical tertiary to background",
					"slug": "vertical-tertiary-to-background"
				},
				{
					"gradient": "linear-gradient(to bottom right,var(--wp--preset--color--primary) 0%,var(--wp--preset--color--foreground) 100%)",
					"name": "Diagonal primary to foreground",
					"slug": "diagonal-primary-to-foreground"
				},
				{
					"gradient": "linear-gradient(to bottom right,var(--wp--preset--color--secondary) 50%,var(--wp--preset--color--background) 50%)",
					"name": "Diagonal secondary to background",
					"slug": "diagonal-secondary-to-background"
				},
				{
					"gradient": "linear-gradient(to bottom right,var(--wp--preset--color--background) 50%,var(--wp--preset--color--secondary) 50%)",
					"name": "Diagonal background to secondary",
					"slug": "diagonal-background-to-secondary"
				},
				{
					"gradient": "linear-gradient(to bottom right,var(--wp--preset--color--tertiary) 50%,var(--wp--preset--color--background) 50%)",
					"name": "Diagonal tertiary to background",
					"slug": "diagonal-tertiary-to-background"
				},
				{
					"gradient": "linear-gradient(to bottom right,var(--wp--preset--color--background) 50%,var(--wp--preset--color--tertiary) 50%)",
					"name": "Diagonal background to tertiary",
					"slug": "diagonal-background-to-tertiary"
				}
			],
			"palette": [
				{
					"color": "#000000",
					"name": "Foreground",
					"slug": "foreground"
				},
				{
					"color": "#ffffff",
					"name": "Background",
					"slug": "background"
				},
				{
					"color": "#1a4548",
					"name": "Primary",
					"slug": "primary"
				},
				{
					"color": "#ffe2c7",
					"name": "Secondary",
					"slug": "secondary"
				},
				{
					"color": "#F6F6F6",
					"name": "Tertiary",
					"slug": "tertiary"
				}
			]
		},
		"custom": {
			"spacing": {
				"large": "clamp(4rem, 10vw, 8rem)",
				"medium": "clamp(2rem, 8vw, calc(4 * var(--wp--style--block-gap)))",
				"outer": "var(--wp--custom--spacing--small, 1.25rem)",
				"small": "max(1.25rem, 5vw)"
			},
			"typography": {
				"font-size": {
					"colossal": "clamp(3.25rem, 8vw, 6.25rem)",
					"gigantic": "clamp(2.75rem, 6vw, 3.25rem)",
					"huge": "clamp(2.25rem, 4vw, 2.75rem)"
				},
				"line-height": {
					"medium": 1.4,
					"normal": 1.6,
					"small": 1.2,
					"tiny": 1.15
				}
			}
		},
		"layout": {
			"contentSize": "650px",
			"wideSize": "1000px"
		},
		"spacing": {
			"units": [
				"%",
				"px",
				"em",
				"rem",
				"vh",
				"vw"
			]
		},
		"typography": {
			"dropCap": false,
			"fontFamilies": [
				{
					"fontFamily": "-apple-system,BlinkMacSystemFont,\"Segoe UI\",Roboto,Oxygen-Sans,Ubuntu,Cantarell,\"Helvetica Neue\",sans-serif",
					"name": "System Font",
					"slug": "system-font"
				},
				{
					"fontFace": [
						{
							"fontFamily": "Source Serif Pro",
							"fontStretch": "normal",
							"fontStyle": "normal",
							"fontWeight": "200 900",
							"src": [
								"file:./assets/fonts/source-serif-pro/SourceSerif4Variable-Roman.ttf.woff2"
							]
						},
						{
							"fontFamily": "Source Serif Pro",
							"fontStretch": "normal",
							"fontStyle": "italic",
							"fontWeight": "200 900",
							"src": [
								"file:./assets/fonts/source-serif-pro/SourceSerif4Variable-Italic.ttf.woff2"
							]
						}
					],
					"fontFamily": "\"Source Serif Pro\", serif",
					"name": "Source Serif Pro",
					"slug": "source-serif-pro"
				}
			],
			"fontSizes": [
				{
					"size": "1rem",
					"slug": "small"
				},
				{
					"size": "1.125rem",
					"slug": "medium"
				},
				{
					"size": "1.75rem",
					"slug": "large"
				},
				{
					"size": "clamp(1.75rem, 3vw, 2.25rem)",
					"slug": "x-large"
				}
			]
		}
	},
	"styles": {
		"blocks": {
			"core/button": {
				"border": {
					"radius": "0"
				},
				"color": {
					"background": "var(--wp--preset--color--primary)",
					"text": "var(--wp--preset--color--background)"
				},
				"typography": {
					"fontSize": "var(--wp--preset--font-size--medium)"
				}
			},
			"core/post-comments": {
				"spacing": {
					"padding": {
						"top": "var(--wp--custom--spacing--small)"
					}
				}
			},
			"core/post-date": {
				"typography": {
					"fontSize": "var:preset|font-size|small"
				}
			},
			"core/post-title": {
				"typography": {
					"fontFamily": "var(--wp--preset--font-family--source-serif-pro)",
					"fontSize": "var(--wp--custom--typography--font-size--gigantic)",
					"fontWeight": "300",
					"lineHeight": "var(--wp--custom--typography--line-height--tiny)"
				}
			},
			"core/pullquote": {
				"border": {
					"width": "1px 0"
				}
			},
			"core/query-title": {
				"typography": {
					"fontFamily": "var(--wp--preset--font-family--source-serif-pro)",
					"fontSize": "var(--wp--custom--typography--font-size--gigantic)",
					"fontWeight": "300",
					"lineHeight": "var(--wp--custom--typography--line-height--small)"
				}
			},
			"core/quote": {
				"border": {
					"width": "1px"
				}
			},
			"core/site-title": {
				"typography": {
					"fontFamily": "var(--wp--preset--font-family--system-font)",
					"fontSize": "var(--wp--preset--font-size--medium)",
					"fontStyle": "italic",
					"fontWeight": "normal",
					"lineHeight": "var(--wp--custom--typography--line-height--normal)"
				}
			}
		},
		"color": {
			"background": "var:preset|color|background",
			"text": "var(--wp--preset--color--foreground)"
		},
		"elements": {
			"h1": {
				"typography": {
					"fontFamily": "var(--wp--preset--font-family--source-serif-pro)",
					"fontSize": "var(--wp--custom--typography--font-size--colossal)",
					"fontWeight": "300",
					"lineHeight": "var(--wp--custom--typography--line-height--tiny)"
				}
			},
			"h2": {
				"typography": {
					"fontFamily": "var(--wp--preset--font-family--source-serif-pro)",
					"fontSize": "var(--wp--custom--typography--font-size--gigantic)",
					"fontWeight": "300",
					"lineHeight": "var(--wp--custom--typography--line-height--small)"
				}
			},
			"h3": {
				"typography": {
					"fontFamily": "var(--wp--preset--font-family--source-serif-pro)",
					"fontSize": "var(--wp--custom--typography--font-size--huge)",
					"fontWeight": "300",
					"lineHeight": "var(--wp--custom--typography--line-height--tiny)"
				}
			},
			"h4": {
				"typography": {
					"fontFamily": "var(--wp--preset--font-family--source-serif-pro)",
					"fontSize": "var(--wp--preset--font-size--x-large)",
					"fontWeight": "300",
					"lineHeight": "var(--wp--custom--typography--line-height--tiny)"
				}
			},
			"h5": {
				"typography": {
					"fontFamily": "var(--wp--preset--font-family--system-font)",
					"fontSize": "var:preset|font-size|small",
					"fontWeight": "700",
					"lineHeight": "var(--wp--custom--typography--line-height--normal)",
					"textTransform": "uppercase"
				}
			},
			"h6": {
				"typography": {
					"fontFamily": "var(--wp--preset--font-family--system-font)",
					"fontSize": "var(--wp--preset--font-size--medium)",
					"fontWeight": "400",
					"lineHeight": "var(--wp--custom--typography--line-height--normal)",
					"textTransform": "uppercase"
				}
			},
			"link": {
				"color": {
					"text": "var(--wp--preset--color--foreground)"
				}
			}
		},
		"spacing": {
			"blockGap": "1.5rem"
		},
		"typography": {
			"fontFamily": "var(--wp--preset--font-family--system-font)",
			"fontSize": "var(--wp--preset--font-size--medium)",
			"lineHeight": "var(--wp--custom--typography--line-height--normal)"
		}
	},
	"templateParts": [
		{
			"area": "header",
			"name": "header",
			"title": "Header"
		},
		{
			"area": "header",
			"name": "header-large-dark",
			"title": "Header (Dark, large)"
		},
		{
			"area": "header",
			"name": "header-small-dark",
			"title": "Header (Dark, small)"
		},
		{
			"area": "footer",
			"name": "footer",
			"title": "Footer"
		}
	],
	"version": 2
}